strike,Expiration,Type,OI_2026-04-17_x,Vol_2026-04-17_x,OI_2026-04-17_y,Vol_2026-04-17_y,OI_2026-04-20,Vol_2026-04-20,OI_2026-04-21,Vol_2026-04-21
2.5,2026-05-15,Call,1.0,0.0,1.0,0.0,1.0,0.0,1.0,0.0
2.5,2026-08-21,Call,0.0,4.0,8.0,4.0,8.0,4.0,8.0,4.0
5.0,2026-04-17,Call,0.0,8.0,114.0,8.0,0.0,0.0,0.0,0.0
5.0,2026-04-17,Put,0.0,2.0,157.0,2.0,0.0,0.0,0.0,0.0
5.0,2026-05-15,Call,0.0,13.0,6.0,13.0,6.0,4.0,7.0,4.0
5.0,2026-05-15,Put,0.0,32.0,484.0,32.0,484.0,32.0,484.0,32.0
5.0,2026-08-21,Call,0.0,2.0,4.0,2.0,4.0,2.0,4.0,2.0
5.0,2026-08-21,Put,0.0,1.0,3.0,1.0,3.0,1.0,3.0,1.0
5.0,2026-11-20,Call,0.0,2.0,4.0,2.0,4.0,2.0,4.0,2.0
7.5,2026-04-17,Call,0.0,5.0,41.0,5.0,0.0,0.0,0.0,0.0
7.5,2026-04-17,Put,0.0,0.0,4.0,0.0,0.0,0.0,0.0,0.0
7.5,2026-05-15,Call,2.0,2.0,2.0,2.0,2.0,2.0,2.0,1.0
7.5,2026-05-15,Put,0.0,5.0,625.0,5.0,625.0,5.0,625.0,5.0
7.5,2026-06-18,Call,0.0,0.0,0.0,0.0,4.0,1.0,5.0,1.0
7.5,2026-08-21,Call,0.0,1.0,0.0,1.0,0.0,1.0,0.0,1.0
7.5,2026-08-21,Put,0.0,50.0,700.0,50.0,700.0,50.0,700.0,50.0
7.5,2026-11-20,Call,0.0,2.0,4.0,2.0,4.0,2.0,4.0,2.0
10.0,2026-04-17,Put,0.0,0.0,0.0,0.0,0.0,0.0,0.0,0.0
10.0,2026-05-15,Put,0.0,1.0,0.0,1.0,0.0,1.0,0.0,1.0
10.0,2026-08-21,Call,0.0,0.0,0.0,0.0,0.0,0.0,0.0,0.0
10.0,2026-08-21,Put,0.0,0.0,0.0,0.0,0.0,0.0,0.0,0.0
10.0,2026-11-20,Call,0.0,0.0,2.0,0.0,2.0,0.0,2.0,0.0
